Workbook

Sheet Clientes
A1: Fecha | B1: Mes | C1: DNI | D1: Nombre y Apellidos | E1: Celular | F1: Producto | G1: Monto | H1: Tasa | I1: Lugar | J1: Observación | K1: Ganancias

Sheet Dashboard
A1: DASHBOARD DE ANÁLISIS - AÑO 2026
A3: 📋 INSTRUCCIONES:
A4: 1. Ve a la hoja 'Clientes'
A5: 2. Escribe fechas del año 2026
A6: 3. La columna 'Mes' se actualiza automáticamente
A7: 4. En Observaciones usa: Cobro, Pendiente o Cancelado
A8: 5. Los colores se aplican automáticamente:
A9: 🟡 Amarillo: Cobro
A10: 🟢 Verde: Pendiente / En espera
A11: 🔴 Rojo: Cancelado
A12: 6. Guarda el archivo (Ctrl+S) para actualizar todo
A14: 📊 RESUMEN GENERAL - AÑO 2026
A15: Total de Clientes | B15: =COUNTA(Clientes!C2:C1000) -> 0
A16: Monto Total (S/) | B16: =SUM(Clientes!G2:G1000) -> 0
A17: Promedio Tasa (%) | B17: =AVERAGE(Clientes!H2:H1000) -> #DIV/0!
A18: Total Ganancias (S/) | B18: =SUM(Clientes!K2:K1000) -> 0
A20: 📅 RESUMEN POR MESES - AÑO 2026
A21: Mes | B21: Clientes | C21: Monto Total (S/) | D21: Ganancias (S/) | E21: Iconos
A22: 📅 Enero 2026 | B22: =COUNTIF(Clientes!B2:B1000,"enero 2026") -> 0 | C22: =SUMIF(Clientes!B2:B1000,"enero 2026",Clientes!G2:G1000) -> 0 | D22: =SUMIF(Clientes!B2:B1000,"enero 2026",Clientes!K2:K1000) -> 0 | E22: =REPT("✓ ",B22)
A23: 📅 Febrero 2026 | B23: =COUNTIF(Clientes!B2:B1000,"febrero 2026") -> 0 | C23: =SUMIF(Clientes!B2:B1000,"febrero 2026",Clientes!G2:G1000) -> 0 | D23: =SUMIF(Clientes!B2:B1000,"febrero 2026",Clientes!K2:K1000) -> 0 | E23: =REPT("✓ ",B23)
A24: 📅 Marzo 2026 | B24: =COUNTIF(Clientes!B2:B1000,"marzo 2026") -> 0 | C24: =SUMIF(Clientes!B2:B1000,"marzo 2026",Clientes!G2:G1000) -> 0 | D24: =SUMIF(Clientes!B2:B1000,"marzo 2026",Clientes!K2:K1000) -> 0 | E24: =REPT("✓ ",B24)
A25: 📅 Abril 2026 | B25: =COUNTIF(Clientes!B2:B1000,"abril 2026") -> 0 | C25: =SUMIF(Clientes!B2:B1000,"abril 2026",Clientes!G2:G1000) -> 0 | D25: =SUMIF(Clientes!B2:B1000,"abril 2026",Clientes!K2:K1000) -> 0 | E25: =REPT("✓ ",B25)
A26: 📅 Mayo 2026 | B26: =COUNTIF(Clientes!B2:B1000,"mayo 2026") -> 0 | C26: =SUMIF(Clientes!B2:B1000,"mayo 2026",Clientes!G2:G1000) -> 0 | D26: =SUMIF(Clientes!B2:B1000,"mayo 2026",Clientes!K2:K1000) -> 0 | E26: =REPT("✓ ",B26)
A27: 📅 Junio 2026 | B27: =COUNTIF(Clientes!B2:B1000,"junio 2026") -> 0 | C27: =SUMIF(Clientes!B2:B1000,"junio 2026",Clientes!G2:G1000) -> 0 | D27: =SUMIF(Clientes!B2:B1000,"junio 2026",Clientes!K2:K1000) -> 0 | E27: =REPT("✓ ",B27)
A28: 📅 Julio 2026 | B28: =COUNTIF(Clientes!B2:B1000,"julio 2026") -> 0 | C28: =SUMIF(Clientes!B2:B1000,"julio 2026",Clientes!G2:G1000) -> 0 | D28: =SUMIF(Clientes!B2:B1000,"julio 2026",Clientes!K2:K1000) -> 0 | E28: =REPT("✓ ",B28)
A29: 📅 Agosto 2026 | B29: =COUNTIF(Clientes!B2:B1000,"agosto 2026") -> 0 | C29: =SUMIF(Clientes!B2:B1000,"agosto 2026",Clientes!G2:G1000) -> 0 | D29: =SUMIF(Clientes!B2:B1000,"agosto 2026",Clientes!K2:K1000) -> 0 | E29: =REPT("✓ ",B29)
A30: 📅 Septiembre 2026 | B30: =COUNTIF(Clientes!B2:B1000,"septiembre 2026") -> 0 | C30: =SUMIF(Clientes!B2:B1000,"septiembre 2026",Clientes!G2:G1000) -> 0 | D30: =SUMIF(Clientes!B2:B1000,"septiembre 2026",Clientes!K2:K1000) -> 0 | E30: =REPT("✓ ",B30)
A31: 📅 Octubre 2026 | B31: =COUNTIF(Clientes!B2:B1000,"octubre 2026") -> 0 | C31: =SUMIF(Clientes!B2:B1000,"octubre 2026",Clientes!G2:G1000) -> 0 | D31: =SUMIF(Clientes!B2:B1000,"octubre 2026",Clientes!K2:K1000) -> 0 | E31: =REPT("✓ ",B31)
A32: 📅 Noviembre 2026 | B32: =COUNTIF(Clientes!B2:B1000,"noviembre 2026") -> 0 | C32: =SUMIF(Clientes!B2:B1000,"noviembre 2026",Clientes!G2:G1000) -> 0 | D32: =SUMIF(Clientes!B2:B1000,"noviembre 2026",Clientes!K2:K1000) -> 0 | E32: =REPT("✓ ",B32)
A33: 📅 Diciembre 2026 | B33: =COUNTIF(Clientes!B2:B1000,"diciembre 2026") -> 0 | C33: =SUMIF(Clientes!B2:B1000,"diciembre 2026",Clientes!G2:G1000) -> 0 | D33: =SUMIF(Clientes!B2:B1000,"diciembre 2026",Clientes!K2:K1000) -> 0 | E33: =REPT("✓ ",B33)
A36: 📊 PRODUCTOS Y CONTEO
A37: Producto | B37: Total | C37: Clientes
A38: • Préstamo personal | B38: =COUNTIF(Clientes!F2:F1000,"Préstamo personal") -> 0 | C38: =REPT("✓ ",B38)
A39: • Crédito de consumo | B39: =COUNTIF(Clientes!F2:F1000,"Crédito de consumo") -> 0 | C39: =REPT("✓ ",B39)
A40: • Tarjeta de crédito | B40: =COUNTIF(Clientes!F2:F1000,"Tarjeta de crédito") -> 0 | C40: =REPT("✓ ",B40)
A41: • Préstamo vehicular (automotriz) | B41: =COUNTIF(Clientes!F2:F1000,"Préstamo vehicular (automotriz)") -> 0 | C41: =REPT("✓ ",B41)
A42: • Crédito hipotecario | B42: =COUNTIF(Clientes!F2:F1000,"Crédito hipotecario") -> 0 | C42: =REPT("✓ ",B42)
A43: • Microcrédito | B43: =COUNTIF(Clientes!F2:F1000,"Microcrédito") -> 0 | C43: =REPT("✓ ",B43)
